source_id,artifact,kind,location,purpose,status
SRC-001,Prioritization kit,kit,context/kits/cavekit-prioritization.md,Defines accepted prioritization requirements and validation notes,reviewed
SRC-002,Ranking contract,ref,context/refs/prioritization-ranking-contract.md,Defines canonical ranking inputs outputs versioning and change log,reviewed
SRC-003,Research brief,ref,context/refs/research-007-execution-prioritization-foundations.md,Explains leverage-first ranking rationale and domain boundaries,reviewed
SRC-004,Data model,ref,context/refs/data-model-007-execution-prioritization-foundations.md,Defines normalized candidate ranking context decision and result shapes,reviewed
SRC-005,Ranking engine,code,services/execution-prioritization.js,Implements deterministic ranking and normalized candidate contract,reviewed
SRC-006,User context template,code,services/user_context.example.js,Defines declared goal input available to prioritization,reviewed
SRC-007,TickTick adapter,code,services/ticktick-adapter.js,Defines task fields and recurrence data available from TickTick-facing flows,reviewed
SRC-008,Briefings kit,kit,context/kits/cavekit-briefings.md,Documents downstream consumer of ranking outputs,reviewed
SRC-009,Behavioral memory kit,kit,context/kits/cavekit-behavioral-memory.md,Documents optional behavioral-signal input boundary and privacy constraints,reviewed
